Title,Date
"House of Ninjas: Season 1: The Trail","21/02/24"
"House of Ninjas: Season 1: The Offer","21/02/24"
"Schitt's Creek: Season 5: The Plant","25/01/24"
"Schitt's Creek: Season 5: Love Letters","25/01/24"
"Fantastic Beasts: The Secrets of Dumbledore","25/01/24"
"Break Point: Season 2: The Curse","25/01/24"
"Schitt's Creek: Season 5: The Crowening","18/01/24"
"Schitt's Creek: Season 4: Merry Christmas, Johnny Rose","18/01/24"
"Schitt's Creek: Season 4: Singles Week","17/01/24"
"Schitt's Creek: Season 4: The Rollout","17/01/24"
"Schitt's Creek: Season 4: Baby Sprinkle","17/01/24"
"Schitt's Creek: Season 4: The Olive Branch","16/01/24"
"Schitt's Creek: Season 4: The Jazzaguy","16/01/24"
"Schitt's Creek: Season 4: The Barbecue","16/01/24"
"Schitt's Creek: Season 4: Open Mic","16/01/24"
"Schitt's Creek: Season 4: RIP Moira Rose","15/01/24"
"Schitt's Creek: Season 4: Girls’ Night","15/01/24"
"Schitt's Creek: Season 4: Asbestos Fest","15/01/24"
"Schitt's Creek: Season 4: Pregnancy Test","15/01/24"
"Schitt's Creek: Season 4: Dead Guy in Room 4","15/01/24"
"Schitt's Creek: Season 3: Grad Night","15/01/24"
"Schitt's Creek: Season 3: Friends & Family","14/01/24"
"Schitt's Creek: Season 3: Stop Saying Lice!","14/01/24"
"Schitt's Creek: Season 3: Sebastien Raine","14/01/24"
"Schitt's Creek: Season 3: The Affair","14/01/24"
"Schitt's Creek: Season 3: Motel Review","14/01/24"
"Schitt's Creek: Season 3: General Store","14/01/24"
"Schitt's Creek: Season 3: Murder Mystery","14/01/24"
"Schitt's Creek: Season 3: Rooms by the Hour","14/01/24"
"Dumb Money","12/01/24"
"Schitt's Creek: Season 3: Driving Test","12/01/24"
"Windfall","12/01/24"
"Schitt's Creek: Season 3: New Car","12/01/24"
"Schitt's Creek: Season 3: The Throuple","12/01/24"
"Schitt's Creek: Season 3: Opening Night","11/01/24"
"Schitt's Creek: Season 2: Happy Anniversary","11/01/24"
"Schitt's Creek: Season 2: Lawn Signs","11/01/24"
"Schitt's Creek: Season 2: The Motel Guest","11/01/24"
"Schitt's Creek: Season 2: Ronnie's Party","11/01/24"
"Schitt's Creek: Season 2: Moira's Nudes","11/01/24"
"Schitt's Creek: Season 2: Milk Money","11/01/24"
"Schitt's Creek: Season 2: The Candidate","10/01/24"
"Schitt's Creek: Season 2: Moira vs. Town Council","10/01/24"
"Schitt's Creek: Season 2: Bob's Bagels","10/01/24"
"Schitt's Creek: Season 2: Estate Sale","10/01/24"
"Schitt's Creek: Season 2: Jazzagals","10/01/24"
"Shameless (U.S.): Season 1: Pilot","10/01/24"
"Schitt's Creek: Season 2: Family Dinner","10/01/24"
"Schitt's Creek: Season 2: Finding David","10/01/24"
"Schitt's Creek: Season 1: Town for Sale","10/01/24"
"Schitt's Creek: Season 1: Surprise Party","09/01/24"
"Schitt's Creek: Season 1: Little Sister","09/01/24"
"Schitt's Creek: Season 1: Honeymoon","09/01/24"
"Schitt's Creek: Season 1: Carl's Funeral","09/01/24"
"Schitt's Creek: Season 1: Allez-Vous","08/01/24"
"Schitt's Creek: Season 1: Turkey Shoot","08/01/24"
"Schitt's Creek: Season 1: Wine and Roses","08/01/24"
"Schitt's Creek: Season 1: The Cabin","08/01/24"
"Schitt's Creek: Season 1: Bad Parents","08/01/24"
"Fool Me Once: Limited Series: Episode 8","08/01/24"
"Fool Me Once: Limited Series: Episode 7","08/01/24"
"Fool Me Once: Limited Series: Episode 6","08/01/24"
"Schitt's Creek: Season 1: Don't Worry, It's His Sister","07/01/24"
"Schitt's Creek: Season 1: The Drip","07/01/24"
"Schitt's Creek: Season 1: Our Cup Runneth Over","07/01/24"
"Jeffrey Epstein: Filthy Rich: Limited Series: Hunting Grounds","07/01/24"
"The Office (U.S.): Season 5: Crime Aid","06/01/24"
"Fool Me Once: Limited Series: Episode 5","06/01/24"
"Fool Me Once: Limited Series: Episode 4","06/01/24"
"Fool Me Once: Limited Series: Episode 3","06/01/24"
"Fool Me Once: Limited Series: Episode 2","05/01/24"
"Fool Me Once: Limited Series: Episode 1","05/01/24"
"The Blacklist: Season 1: Frederick Barnes (No. 47)","31/12/23"
"The Ranch: Part 1: Back Where I Come From","31/12/23"
"Love, Death & Robots: Volume 1: THREE ROBOTS","30/12/23"
"Into the Night: Season 1: Sylvie","29/12/23"
"Into the Night: Season 2: Zara","29/12/23"
"Love, Death & Robots: Volume 1: SONNIE'S EDGE","29/12/23"
"Love, Death & Robots: Volume 3: Jibaro","29/12/23"
"Delhi Belly","29/12/23"
"Suits: Season 7: Mudmare","28/12/23"
"Suits: Season 7: Skin in the Game","28/12/23"
"Suits: Season 6: Accounts Payable","28/12/23"
"Suits: Season 4: One-Two-Three Go...","28/12/23"
"The Blacklist: Season 1: Gina Zanetakos (No. 152)","28/12/23"
"The Blacklist: Season 1: The Courier (No. 85)","28/12/23"
"The Blacklist: Season 1: The Stewmaker (No. 161)","27/12/23"
"The Blacklist: Season 1: Wujing (No. 84)","27/12/23"
"The Blacklist: Season 1: The Freelancer (No. 145)","27/12/23"
"The Blacklist: Season 1: Pilot","26/12/23"
"Workin' Moms: Season 1: Pilot","26/12/23"
"Master of None: Season 2: Thanksgiving","26/12/23"
"Master of None: Season 2: Door #3","25/12/23"
"Master of None: Season 2: New York, I Love You","25/12/23"
"Master of None: Season 2: The Dinner Party","25/12/23"
"Master of None: Season 2: First Date","24/12/23"
"Master of None: Season 2: Religion","24/12/23"
"Master of None: Season 2: Le Nozze","24/12/23"
"Master of None: Season 2: The Thief","24/12/23"
"Master of None: Season 1: Finale","24/12/23"
"Master of None: Season 1: Mornings","24/12/23"
"Master of None: Season 1: Old People","24/12/23"
"Master of None: Season 1: Ladies and Gentlemen","23/12/23"
"Master of None: Season 1: Nashville","23/12/23"
"Master of None: Season 1: The Other Man","23/12/23"
"Master of None: Season 1: Indians on TV","22/12/23"
"Master of None: Season 1: Hot Ticket","22/12/23"
"Master of None: Season 1: Parents","21/12/23"
"Master of None: Season 1: Plan B","21/12/23"
"Maniac: Limited Series: Having a Day","20/12/23"
"Maniac: Limited Series: Windmills","20/12/23"
"Maniac: Limited Series: The Chosen One!","20/12/23"
"Dual","19/12/23"
"Headspace Guide to Sleep: Season 1: How to Sleep Better","13/12/23"
"Crashing: Season 1: Episode 6","13/12/23"
"Crashing: Season 1: Episode 5","13/12/23"
"Crashing: Season 1: Episode 4","13/12/23"
"Crashing: Season 1: Episode 3","12/12/23"
"Crashing: Season 1: Episode 2","12/12/23"
"Crashing: Season 1: Episode 1","12/12/23"
"DAHMER: Monster: The Jeffrey Dahmer Story: Episode One","12/12/23"
"MINDHUNTER: Season 2: Episode 9","11/12/23"
"MINDHUNTER: Season 2: Episode 8","11/12/23"
"MINDHUNTER: Season 2: Episode 7","11/12/23"
"MINDHUNTER: Season 2: Episode 6","11/12/23"
"MINDHUNTER: Season 2: Episode 5","10/12/23"
"MINDHUNTER: Season 2: Episode 4","10/12/23"
"MINDHUNTER: Season 2: Episode 3","09/12/23"
"MINDHUNTER: Season 2: Episode 2","08/12/23"
"MINDHUNTER: Season 2: Episode 1","08/12/23"
"MINDHUNTER: Season 1: Episode 10","08/12/23"
"MINDHUNTER: Season 1: Episode 9","08/12/23"
"MINDHUNTER: Season 1: Episode 8","08/12/23"
"MINDHUNTER: Season 1: Episode 7","08/12/23"
"MINDHUNTER: Season 1: Episode 6","08/12/23"
"MINDHUNTER: Season 1: Episode 5","07/12/23"
"MINDHUNTER: Season 1: Episode 4","07/12/23"
"MINDHUNTER: Season 1: Episode 3","05/12/23"
"MINDHUNTER: Season 1: Episode 2","05/12/23"
"MINDHUNTER: Season 1: Episode 1","05/12/23"
"Riverdale: Season 1: Chapter One: The River's Edge","05/12/23"
"The Equalizer 3","04/12/23"
"The Kominsky Method: Season 1: Chapter 2. An Agent Grieves","02/12/23"
"The Kominsky Method: Season 1: Chapter 1. An Actor Avoids","02/12/23"
"How to Get Away With Murder: Season 1: It's All Her Fault","02/12/23"
"Friends from College: Season 2: The Wedding","02/12/23"
"Scott Pilgrim Takes Off: Season 1: Lights. Camera. Sparks?!","02/12/23"
"Friends from College: Season 2: Fireworks","02/12/23"
"Friends from College: Season 2: Free Fall","02/12/23"
"Friends from College: Season 2: Old Habits","01/12/23"
"Friends from College: Season 2: The Bachelor Party","01/12/23"
"Friends from College: Season 2: Out All Night","01/12/23"
"Friends from College: Season 2: Storage Unit","01/12/23"
"Friends from College: Season 2: The Engagement Party","01/12/23"
"Friends from College: Season 1: A Night of Surprises","01/12/23"
"Friends from College: Season 1: Grand Cayman","01/12/23"
"Friends from College: Season 1: Second Wedding","01/12/23"
"The Mind, Explained: Season 2: How to Focus","29/11/23"
"Headspace Guide to Meditation: Season 1: How to Fall in Love with Life","28/11/23"
"Headspace Guide to Meditation: Season 1: How to Let Go","28/11/23"
"Friends from College: Season 1: Party Bus","28/11/23"
"American Made","28/11/23"
"Friends from College: Season 1: Mission Impossible","28/11/23"
"Friends from College: Season 1: All-Nighter","28/11/23"
"Friends from College: Season 1: Connecticut House","28/11/23"
"Friends from College: Season 1: Welcome to New York","28/11/23"
"BEEF: Season 1: Figures of Light","27/11/23"
"BEEF: Season 1: The Great Fabricator","27/11/23"
"Gran Turismo: Based on a True Story","27/11/23"
"Headspace Guide to Meditation: Season 1: How to Get Started","27/11/23"
"Community: Season 1: Community","26/11/23"
"BEEF: Season 1: The Drama of Original Choice","26/11/23"
"Murderville: Season 1: The Magician’s Assistant","26/11/23"
"The OA: Part I: Chapter 1: Homecoming","26/11/23"
"The Machine","25/11/23"
"Better Call Saul: Season 6: Nippy","25/11/23"
"Better Call Saul: Season 1: Uno","25/11/23"
"Stranger Things: Chapter Three: Holly, Jolly","25/11/23"
"Last Call for Istanbul","25/11/23"
"BEEF: Season 1: I Am a Cage","24/11/23"
"El Camino: A Breaking Bad Movie","24/11/23"
"House of Secrets: The Burari Deaths: Limited Series: 11 Bodies","24/11/23"
"BEEF: Season 1: We Draw a Magic Circle","23/11/23"
"BEEF: Season 1: Such Inward Secret Creatures","23/11/23"
"BEEF: Season 1: Just Not All at the Same Time","22/11/23"
"BEEF: Season 1: I Am Inhabited by a Cry","22/11/23"
"BEEF: Season 1: The Rapture of Being Alive","20/11/23"
"BEEF: Season 1: The Birds Don't Sing, They Screech in Pain","20/11/23"
"21","20/11/23"
"Guillermo del Toro’s Pinocchio","20/11/23"
"Scott Pilgrim Takes Off: Season 1: Whatever","20/11/23"
"Gone Girl","19/11/23"
"Scott Pilgrim Takes Off: Season 1: Ramona Rents a Video","19/11/23"
"Scott Pilgrim Takes Off: Season 1: A League of Their Own","19/11/23"
"Scott Pilgrim Takes Off: Season 1: Scott Pilgrim's Precious Little Life","18/11/23"
"Breaking Bad: Season 5: Felina","17/11/23"
"Breaking Bad: Season 5: Granite State","17/11/23"
"Breaking Bad: Season 5: Ozymandias","17/11/23"
"Breaking Bad: Season 5: To'hajiilee","17/11/23"
"Breaking Bad: Season 5: Rabid Dog","16/11/23"
"Breaking Bad: Season 5: Confessions","16/11/23"
"Breaking Bad: Season 5: Buried","16/11/23"
"Stranger Things: Chapter Two: The Weirdo on Maple Street","16/11/23"
"The Netflix Cup","16/11/23"
"Stranger Things: Chapter One: The Vanishing of Will Byers","16/11/23"
"Monster: Season 1: CHAPTER 1","16/11/23"
"Breaking Bad: Season 5: Blood Money","15/11/23"
"Breaking Bad: Season 5: Gliding Over All","15/11/23"
"Breaking Bad: Season 5: Say My Name","14/11/23"
"Breaking Bad: Season 5: Buyout","14/11/23"
"Moneyball","13/11/23"
"The Killer","12/11/23"
"Breaking Bad: Season 5: Dead Freight","12/11/23"
"Breaking Bad: Season 5: Fifty-One","12/11/23"
"Breaking Bad: Season 5: Hazard Pay","12/11/23"
"Breaking Bad: Season 5: Madrigal","11/11/23"
"Breaking Bad: Season 5: Live Free Or Die","11/11/23"
"Annihilation","11/11/23"
"Breaking Bad: Season 4: Face Off","10/11/23"
"Breaking Bad: Season 4: End Times","10/11/23"
"Breaking Bad: Season 4: Crawl Space","09/11/23"
"Breaking Bad: Season 4: Salud","08/11/23"
"Breaking Bad: Season 4: Bug","08/11/23"
"Wingwomen","08/11/23"
"Breaking Bad: Season 4: Hermanos","07/11/23"
"Breaking Bad: Season 4: Problem Dog","07/11/23"
"13 Hours: The Secret Soldiers of Benghazi","07/11/23"
"Breaking Bad: Season 4: Cornered","07/11/23"
"Breaking Bad: Season 4: Shotgun","06/11/23"
"Breaking Bad: Season 4: Bullet Points","06/11/23"
"Breaking Bad: Season 4: Open House","05/11/23"
"Breaking Bad: Season 4: Thirty-Eight Snub","05/11/23"
"Breaking Bad: Season 4: Box Cutter","05/11/23"
"Breaking Bad: Season 3: Full Measure","05/11/23"
"Breaking Bad: Season 3: Half Measures","05/11/23"
"You People","05/11/23"
"Breaking Bad: Season 3: Abiquiu","05/11/23"
"Breaking Bad: Season 3: Fly","04/11/23"
"Breaking Bad: Season 3: Kafkaesque","04/11/23"
"Breaking Bad: Season 3: I See You","04/11/23"
"Breaking Bad: Season 3: One Minute","04/11/23"
"Breaking Bad: Season 3: Sunset","04/11/23"
"Breaking Bad: Season 3: Mas","03/11/23"
"Breaking Bad: Season 3: Green Light","03/11/23"
"Breaking Bad: Season 3: I.F.T.","03/11/23"
"Breaking Bad: Season 3: Caballo Sin Nombre","03/11/23"
"Breaking Bad: Season 3: No Más","03/11/23"
"Breaking Bad: Season 2: ABQ","02/11/23"
"Breaking Bad: Season 2: Phoenix","02/11/23"
"Breaking Bad: Season 2: Mandala","02/11/23"
"Breaking Bad: Season 2: Over","02/11/23"
"Breaking Bad: Season 2: 4 Days Out","02/11/23"
"Breaking Bad: Season 2: Better Call Saul","02/11/23"
"Breaking Bad: Season 2: Negro y Azul","01/11/23"
"Breaking Bad: Season 2: Peekaboo","01/11/23"
"Breaking Bad: Season 2: Breakage","01/11/23"
"Breaking Bad: Season 2: Down","01/11/23"
"Breaking Bad: Season 2: Bit by a Dead Bee","31/10/23"
"Breaking Bad: Season 2: Grilled","31/10/23"
"Breaking Bad: Season 2: Seven Thirty-Seven","31/10/23"
"Breaking Bad: Season 1: A No-Rough-Stuff-Type Deal","30/10/23"
"Breaking Bad: Season 1: Crazy Handful of Nothin'","30/10/23"
"Breaking Bad: Season 1: Gray Matter","29/10/23"
"Breaking Bad: Season 1: Cancer Man","29/10/23"
"Breaking Bad: Season 1: And the Bag's in the River","29/10/23"
"Breaking Bad: Season 1: The Cat's in the Bag","29/10/23"
"Breaking Bad: Season 1: Pilot","29/10/23"
"The Walking Dead: Season 1: Days Gone Bye","29/10/23"
"In From the Cold: Season 1: The Bride","29/10/23"
"In From the Cold: Season 1: What Is Burning?","28/10/23"
"Pain Hustlers","28/10/23"
"OMG 2","27/10/23"
"Altered Carbon: Season 1: In a Lonely Place","27/10/23"
"Kim's Convenience: Season 1: Gay Discount","27/10/23"
"Old Dads","27/10/23"
"Brooklyn Nine-Nine: Season 8: The Last Day, Pt. 2","26/10/23"
"Brooklyn Nine-Nine: Season 8: The Last Day, Pt. 1","26/10/23"
"Brooklyn Nine-Nine: Season 8: Renewal","26/10/23"
"Brooklyn Nine-Nine: Season 8: Game of Boyles","26/10/23"
"Brooklyn Nine-Nine: Season 8: The Set Up","26/10/23"
"Brooklyn Nine-Nine: Season 8: PB & J","26/10/23"
"Brooklyn Nine-Nine: Season 8: Balancing","26/10/23"
"Brooklyn Nine-Nine: Season 8: Blue Flu","25/10/23"
"Brooklyn Nine-Nine: Season 8: The Lake House","25/10/23"
"Brooklyn Nine-Nine: Season 8: The Good Ones","25/10/23"
"Brooklyn Nine-Nine: Season 7: Lights Out","25/10/23"
"Brooklyn Nine-Nine: Season 7: Ransom","25/10/23"
"Brooklyn Nine-Nine: Season 7: Valloweaster","25/10/23"
"Brooklyn Nine-Nine: Season 7: Admiral Peralta","25/10/23"
"Brooklyn Nine-Nine: Season 7: Dillman","24/10/23"
"Brooklyn Nine-Nine: Season 7: The Takeback","24/10/23"
"Brooklyn Nine-Nine: Season 7: Ding Dong","24/10/23"
"Brooklyn Nine-Nine: Season 7: Trying","24/10/23"
"Brooklyn Nine-Nine: Season 7: Debbie","24/10/23"
"Brooklyn Nine-Nine: Season 7: The Jimmy Jab Games II","24/10/23"
"Brooklyn Nine-Nine: Season 7: Pimemento","24/10/23"
"Brooklyn Nine-Nine: Season 7: Captain Kim","23/10/23"
"Brooklyn Nine-Nine: Season 7: Manhunter","23/10/23"
"Brooklyn Nine-Nine: Season 6: The Suicide Squad","23/10/23"
"Brooklyn Nine-Nine: Season 6: Sicko","23/10/23"
"Brooklyn Nine-Nine: Season 6: Cinco de Mayo","23/10/23"
"Brooklyn Nine-Nine: Season 6: Return of the King","22/10/23"
"Brooklyn Nine-Nine: Season 6: Ticking Clocks","22/10/23"
"Brooklyn Nine-Nine: Season 6: The Bimbo","22/10/23"
"Unknown: Cosmic Time Machine","22/10/23"
"The Playlist: Limited Series: The Vision","22/10/23"
"Rick and Morty: Season 7: How Poopy Got His Poop Back","22/10/23"
"Brooklyn Nine-Nine: Season 6: Casecation","22/10/23"
"Brooklyn Nine-Nine: Season 6: The Therapist","22/10/23"
"Brooklyn Nine-Nine: Season 6: Gintars","22/10/23"
"Brooklyn Nine-Nine: Season 6: The Golden Child","22/10/23"
"Brooklyn Nine-Nine: Season 6: He Said, She Said","22/10/23"
"Brooklyn Nine-Nine: Season 6: The Honeypot","22/10/23"
"Brooklyn Nine-Nine: Season 6: The Crime Scene","21/10/23"
"Brooklyn Nine-Nine: Season 6: A Tale of Two Bandits","21/10/23"
"Brooklyn Nine-Nine: Season 6: Four Movements","21/10/23"
"Brooklyn Nine-Nine: Season 6: The Tattler","21/10/23"
"Brooklyn Nine-Nine: Season 6: Hitchcock & Scully","21/10/23"
"Brooklyn Nine-Nine: Season 6: Honeymoon","21/10/23"
"Brooklyn Nine-Nine: Season 5: Jake & Amy","21/10/23"
"Brooklyn Nine-Nine: Season 5: White Whale","21/10/23"
"Brooklyn Nine-Nine: Season 5: Show Me Going","21/10/23"
"Brooklyn Nine-Nine: Season 5: Bachelor/ette Party","20/10/23"
"Brooklyn Nine-Nine: Season 5: Gray Star Mutual","20/10/23"
"Brooklyn Nine-Nine: Season 5: DFW","20/10/23"
"Brooklyn Nine-Nine: Season 5: NutriBoom","20/10/23"
"Brooklyn Nine-Nine: Season 5: The Puzzle Master","20/10/23"
"Brooklyn Nine-Nine: Season 5: The Box","20/10/23"
"Brooklyn Nine-Nine: Season 5: The Negotiation","20/10/23"
"Brooklyn Nine-Nine: Season 5: Safe House","20/10/23"
"Brooklyn Nine-Nine: Season 5: The Favor","20/10/23"
"Brooklyn Nine-Nine: Season 5: Game Night","19/10/23"
"Brooklyn Nine-Nine: Season 5: 99","19/10/23"
"Brooklyn Nine-Nine: Season 5: Return to Skyfire","19/10/23"
"Brooklyn Nine-Nine: Season 5: Two Turkeys","19/10/23"
"Brooklyn Nine-Nine: Season 5: The Venue","18/10/23"
"Brooklyn Nine-Nine: Season 5: Bad Beat","18/10/23"
"Brooklyn Nine-Nine: Season 5: HalloVeen","18/10/23"
"Brooklyn Nine-Nine: Season 5: Kicks","18/10/23"
"Brooklyn Nine-Nine: Season 5: The Big House, Pt. 2","18/10/23"
"Brooklyn Nine-Nine: Season 5: The Big House, Pt. 1","17/10/23"
"The Dictator","17/10/23"
"Brooklyn Nine-Nine: Season 4: Crime & Punishment","17/10/23"
"Brooklyn Nine-Nine: Season 4: The Bank Job","17/10/23"
"Brooklyn Nine-Nine: Season 4: The Slaughterhouse","17/10/23"
"Brooklyn Nine-Nine: Season 4: Your Honor","17/10/23"
"Brooklyn Nine-Nine: Season 4: Chasing Amy","17/10/23"
"Brooklyn Nine-Nine: Season 4: Cop-Con","17/10/23"
"Brooklyn Nine-Nine: Season 4: Moo Moo","17/10/23"
"Brooklyn Nine-Nine: Season 4: The Last Ride","17/10/23"
"Brooklyn Nine-Nine: Season 4: Serve & Protect","16/10/23"
"Brooklyn Nine-Nine: Season 4: The Audit","16/10/23"
"Brooklyn Nine-Nine: Season 4: The Fugitive: Part 2","16/10/23"
"Brooklyn Nine-Nine: Season 4: The Fugitive: Part 1","16/10/23"
"Brooklyn Nine-Nine: Season 4: Captain Latvia","16/10/23"
"Brooklyn Nine-Nine: Season 4: The Overmining","16/10/23"
"Brooklyn Nine-Nine: Season 4: Skyfire Cycle","15/10/23"
"Brooklyn Nine-Nine: Season 4: Mr. Santiago","15/10/23"
"Brooklyn Nine-Nine: Season 4: Monster in the Closet","15/10/23"
"Brooklyn Nine-Nine: Season 4: Halloween IV","15/10/23"
"Brooklyn Nine-Nine: Season 4: The Night Shift","15/10/23"
"Brooklyn Nine-Nine: Season 4: Coral Palms: Part 3","15/10/23"
"Brooklyn Nine-Nine: Season 4: Coral Palms: Part 2","15/10/23"
"Brooklyn Nine-Nine: Season 4: Coral Palms: Part 1","14/10/23"
"Brooklyn Nine-Nine: Season 3: Greg and Larry","14/10/23"
"Brooklyn Nine-Nine: Season 3: The Bureau","14/10/23"
"Brooklyn Nine-Nine: Season 3: Maximum Security","14/10/23"
"Brooklyn Nine-Nine: Season 3: Paranoia","13/10/23"
"Brooklyn Nine-Nine: Season 3: Terry Kitties","13/10/23"
"Brooklyn Nine-Nine: Season 3: Cheddar","13/10/23"
"Brooklyn Nine-Nine: Season 3: Adrian Pimento","13/10/23"
"Brooklyn Nine-Nine: Season 3: House Mouses","13/10/23"
"Brooklyn Nine-Nine: Season 3: The 9-8","12/10/23"
"Brooklyn Nine-Nine: Season 3: Karen Peralta","12/10/23"
"Brooklyn Nine-Nine: Season 3: The Cruise","12/10/23"
"Brooklyn Nine-Nine: Season 3: 9 Days","12/10/23"
"Brooklyn Nine-Nine: Season 3: Hostage Situation","12/10/23"
"Brooklyn Nine-Nine: Season 3: Yippie Kayak","11/10/23"
"Brooklyn Nine-Nine: Season 3: The Swedes","11/10/23"
"Brooklyn Nine-Nine: Season 3: Ava","11/10/23"
"Brooklyn Nine-Nine: Season 3: The Mattress","11/10/23"
"Brooklyn Nine-Nine: Season 3: Into the Woods","11/10/23"
"Brooklyn Nine-Nine: Season 3: Halloween Part III","11/10/23"
"Brooklyn Nine-Nine: Season 3: The Oolong Slayer","11/10/23"
"Brooklyn Nine-Nine: Season 3: Boyle's Hunch","11/10/23"
"Brooklyn Nine-Nine: Season 3: The Funeral","10/10/23"
"Brooklyn Nine-Nine: Season 3: New Captain","10/10/23"
"Brooklyn Nine-Nine: Season 2: Johnny and Dora","10/10/23"
"Brooklyn Nine-Nine: Season 2: The Chopper","10/10/23"
"Brooklyn Nine-Nine: Season 2: Det. Dave Majors","09/10/23"
"Brooklyn Nine-Nine: Season 2: AC/DC","09/10/23"
"Brooklyn Nine-Nine: Season 2: Sabotage","09/10/23"
"Brooklyn Nine-Nine: Season 2: Captain Peralta","09/10/23"
"Brooklyn Nine-Nine: Season 2: Boyle-Linetti Wedding","09/10/23"
"Brooklyn Nine-Nine: Season 2: The Wednesday Incident","09/10/23"
"Brooklyn Nine-Nine: Season 2: Windbreaker City","08/10/23"
"Brooklyn Nine-Nine: Season 2: The Defense Rests","08/10/23"
"Brooklyn Nine-Nine: Season 2: The Pontiac Bandit Returns","08/10/23"
"Brooklyn Nine-Nine: Season 2: The Road Trip","08/10/23"
"Brooklyn Nine-Nine: Season 2: USPIS","08/10/23"
"Brooklyn Nine-Nine: Season 2: Lockdown","07/10/23"
"Brooklyn Nine-Nine: Season 2: Jake and Sophia","07/10/23"
"Brooklyn Nine-Nine: Season 2: The Mole","07/10/23"
"Brooklyn Nine-Nine: Season 2: Halloween II","07/10/23"
"Brooklyn Nine-Nine: Season 2: The Jimmy Jab Games","07/10/23"
"Brooklyn Nine-Nine: Season 2: Chocolate Milk","07/10/23"
"Brooklyn Nine-Nine: Season 2: Undercover","06/10/23"
"Brooklyn Nine-Nine: Season 1: Charges and Specs","06/10/23"
"Brooklyn Nine-Nine: Season 1: Unsolvable","06/10/23"
"Brooklyn Nine-Nine: Season 1: Fancy Brudgom","06/10/23"
"Brooklyn Nine-Nine: Season 1: Tactical Village","06/10/23"
"Brooklyn Nine-Nine: Season 1: The Apartment","06/10/23"
"Brooklyn Nine-Nine: Season 1: Full Boyle","05/10/23"
"Brooklyn Nine-Nine: Season 1: The Party","05/10/23"
"Brooklyn Nine-Nine: Season 1: Operation: Broken Feather","05/10/23"
"Brooklyn Nine-Nine: Season 1: The Ebony Falcon","05/10/23"
"Brooklyn Nine-Nine: Season 1: The Bet","05/10/23"
"Brooklyn Nine-Nine: Season 1: Pontiac Bandit","05/10/23"
"Brooklyn Nine-Nine: Season 1: Christmas","05/10/23"
"Brooklyn Nine-Nine: Season 1: Thanksgiving","05/10/23"
"Brooklyn Nine-Nine: Season 1: Sal's Pizza","05/10/23"
"Brooklyn Nine-Nine: Season 1: Old School","05/10/23"
"Brooklyn Nine-Nine: Season 1: 48 Hours","05/10/23"
"Brooklyn Nine-Nine: Season 1: Halloween","05/10/23"
"Two and a Half Men: Season 2: Enjoy Those Garlic Balls","01/10/23"
"Reptile","29/09/23"
"Uncut Gems","25/09/23"
"They Cloned Tyrone","24/09/23"
"War Machine","23/09/23"
"Jack Reacher: Never Go Back","19/09/23"
"Dead to Me: Season 2: The Price You Pay","19/09/23"
"ONE PIECE: Season 1: WORST IN THE EAST","18/09/23"
"ONE PIECE: Season 1: THE GIRL WITH THE SAWFISH TATTOO","18/09/23"
"Wifelike","17/09/23"
"ONE PIECE: Season 1: THE CHEF AND THE CHORE BOY","10/09/23"
"ONE PIECE: Season 1: EAT AT BARATIE!","10/09/23"
"ONE PIECE: Season 1: THE PIRATES ARE COMING","08/09/23"
"ONE PIECE: Season 1: TELL NO TALES","02/09/23"
"ONE PIECE: Season 1: THE MAN IN THE STRAW HAT","02/09/23"
"ONE PIECE: Season 1: ROMANCE DAWN","01/09/23"
"Running with the Devil: The Wild World of John McAfee","01/09/23"
"How to Get Away With Murder: Season 1: Pilot","01/09/23"
"Half Bad: The Bastard Son & The Devil Himself: Season 1: Episode 8","31/08/23"
"Half Bad: The Bastard Son & The Devil Himself: Season 1: Episode 7","31/08/23"
"Half Bad: The Bastard Son & The Devil Himself: Season 1: Episode 6","31/08/23"
"Half Bad: The Bastard Son & The Devil Himself: Season 1: Episode 5","31/08/23"
"Half Bad: The Bastard Son & The Devil Himself: Season 1: Episode 4","31/08/23"
"Half Bad: The Bastard Son & The Devil Himself: Season 1: Episode 3","31/08/23"
"Half Bad: The Bastard Son & The Devil Himself: Season 1: Episode 2","31/08/23"
"Half Bad: The Bastard Son & The Devil Himself: Season 1: Episode 1","30/08/23"
"Who is Erin Carter?: Limited Series: Episode 1","28/08/23"
"Dead to Me: Season 2: Between You and Me","25/08/23"
"Dead to Me: Season 2: You Can't Live Like This","24/08/23"
"Dead to Me: Season 2: Where Have You Been","22/08/23"
"Dead to Me: Season 2: You Know What You Did","22/08/23"
"Dead to Me: Season 1: You Have to Go","22/08/23"
"Dead to Me: Season 1: I Have to Be Honest","22/08/23"
"Dead to Me: Season 1: Try to Stop Me","22/08/23"
"Dead to Me: Season 1: I Can Handle It","22/08/23"
"Dead to Me: Season 1: Oh My God","22/08/23"
"Dead to Me: Season 1: I've Gotta Get Away","22/08/23"
"Dead to Me: Season 1: I Can't Go Back","22/08/23"
"Dead to Me: Season 1: It's All My Fault","22/08/23"
"Dead to Me: Season 1: Maybe I'm Crazy","21/08/23"
"Dead to Me: Season 1: Pilot","21/08/23"
"Pepsi, Where's My Jet?: Limited Series: The Kid from Seattle","21/08/23"
"The Chosen One: Season 1: The Arrival","21/08/23"
"Kleo: Season 1: Big Eden","19/08/23"
"DEPP V HEARD: Limited Series: The Viral Verdict","19/08/23"
"DEPP V HEARD: Limited Series: Breaking the Internet","19/08/23"
"DEPP V HEARD: Limited Series: Truth on Trial","19/08/23"
"Fisk: Season 1: Episode 6","13/08/23"
"Fisk: Season 1: Episode 5","13/08/23"
"Fisk: Season 1: Episode 4","13/08/23"
"Pine Gap: Season 1: Episode 1","12/08/23"
"Fisk: Season 1: Episode 3","12/08/23"
"Fisk: Season 1: Episode 2","12/08/23"
"Fisk: Season 1: Episode 1","12/08/23"
"Captain Fall: Part 1: The Hornet’s Nest","11/08/23"
"Captain Fall: Part 1: Family Reunion","11/08/23"
"Captain Fall: Part 1: Sweet Sixteen","10/08/23"
"Captain Fall: Part 1: Cultural Exchange","10/08/23"
"Captain Fall: Part 1: Face Off","10/08/23"
"Captain Fall: Part 1: Je Suis Tanner","10/08/23"
"Captain Fall: Part 1: Boner Medicine","10/08/23"
"Captain Fall: Part 1: The Human Zoo","10/08/23"
"Captain Fall: Part 1: Baptized in Blood","10/08/23"
"Captain Fall: Part 1: An Unconventional Cruise Line","10/08/23"
"Cyberpunk: Edgerunners: Season 1: Lucky You","04/08/23"
"Cyberpunk: Edgerunners: Season 1: Smooth Criminal","03/08/23"
"Cyberpunk: Edgerunners: Season 1: Like A Boy","03/08/23"
"Cowboy Bebop: Season 1: Asteroid Blues","03/08/23"
"Dirk Gently's Holistic Detective Agency: Season 2: That Is Not Miami","03/08/23"
"Dirk Gently's Holistic Detective Agency: Season 2: Girl Power","03/08/23"
"Transformers: The Last Knight","31/07/23"
"Messiah: Season 1: He That Hath an Ear","30/07/23"
"Dirk Gently's Holistic Detective Agency: Season 2: Shapes and Colors","30/07/23"
"Dirk Gently's Holistic Detective Agency: Season 2: The House Within the House","30/07/23"
"Dirk Gently's Holistic Detective Agency: Season 2: Two Broken Fingers","29/07/23"
"Dirk Gently's Holistic Detective Agency: Season 2: Fans of Wet Circles","29/07/23"
"Dirk Gently's Holistic Detective Agency: Season 1: Rogue Wall Enthusiasts","28/07/23"
"Dirk Gently's Holistic Detective Agency: Season 1: Lost & Found","28/07/23"
"Dirk Gently's Holistic Detective Agency: Season 2: Space Rabbit","28/07/23"
"Dirk Gently's Holistic Detective Agency: Season 1: Two Sane Guys Doing Normal Things","28/07/23"
"Dirk Gently's Holistic Detective Agency: Season 1: Weaponized Soul","27/07/23"
"Dirk Gently's Holistic Detective Agency: Season 1: Fix Everything","27/07/23"
"Dirk Gently's Holistic Detective Agency: Season 1: Very Erectus","27/07/23"
"Dirk Gently's Holistic Detective Agency: Season 1: Watkin","27/07/23"
"Dirk Gently's Holistic Detective Agency: Season 1: Horizons","26/07/23"
"Narcos: Mexico: Season 1: Camelot","25/07/23"
"Black Mirror: Bandersnatch","21/07/23"
"The Witcher: Season 1: The End’s Beginning","20/07/23"
"House of Cards: Season 1: Chapter 1","19/07/23"
"Altered Carbon: Season 2: Phantom Lady","19/07/23"
"Altered Carbon: Season 1: The Killers","18/07/23"
"Altered Carbon: Season 1: Rage in Heaven","18/07/23"
"Altered Carbon: Season 1: Clash by Night","18/07/23"
"Altered Carbon: Season 1: Nora Inu","18/07/23"
"Altered Carbon: Season 1: Man with My Face","17/07/23"
"Altered Carbon: Season 1: The Wrong Man","17/07/23"
"Altered Carbon: Season 1: Force of Evil","17/07/23"
"Altered Carbon: Season 1: Fallen Angel","17/07/23"
"Altered Carbon: Season 1: Out of the Past","16/07/23"
"Ad Astra","16/07/23"
"Ex Machina","15/07/23"
"The Recruit: Season 1: I.N.A.S.I.A.L.","15/07/23"
"Stowaway","15/07/23"
"Extraction 2","14/07/23"
"The Night Agent: Season 1: Eyes Only","14/07/23"
"The Night Agent: Season 1: The Zookeeper","13/07/23"
"The Night Agent: Season 1: Redial","13/07/23"
"The Night Agent: Season 1: The Call","13/07/23"
"The Lincoln Lawyer: Season 1: He Rides Again","11/07/23"
"Narcos: Season 3: Going Back to Cali","13/06/23"
"Narcos: Season 3: Todos Los Hombres del Presidente","13/06/23"
"Narcos: Season 3: Convivir","12/06/23"
"Narcos: Season 3: Sin Salida","12/06/23"
"Narcos: Season 3: Best Laid Plans","11/06/23"
"Narcos: Season 3: MRO","11/06/23"
"Narcos: Season 3: Checkmate","10/06/23"
"Narcos: Season 3: Follow the Money","10/06/23"
"Narcos: Season 3: The Cali KGB","10/06/23"
"Narcos: Season 3: The Kingpin Strategy","09/06/23"
"Narcos: Season 2: Al Fin Cayó!","08/06/23"
"Narcos: Season 2: Nuestra Finca","08/06/23"
"Narcos: Season 2: Exit El Patrón","08/06/23"
"Narcos: Season 2: Deutschland 93","08/06/23"
"Narcos: Season 2: Los Pepes","07/06/23"
"Narcos: Season 2: The Enemies of My Enemy","07/06/23"
"Narcos: Season 2: The Good, The Bad, and The Dead","06/06/23"
"Narcos: Season 2: Our Man in Madrid","06/06/23"
"Narcos: Season 2: Cambalache","06/06/23"
"Narcos: Season 2: Free at Last","05/06/23"
"ANIMA","05/06/23"
"Narcos: Season 1: Despegue","05/06/23"
"Narcos: Season 1: La Catedral","04/06/23"
"Narcos: Season 1: La Gran Mentira","03/06/23"
"Narcos: Season 1: You Will Cry Tears of Blood","01/06/23"
"Narcos: Season 1: Explosivos","01/06/23"
"Narcos: Season 1: There Will Be a Future","01/06/23"
"Narcos: Season 1: The Palace in Flames","01/06/23"
"Narcos: Season 1: The Men of Always","01/06/23"
"Narcos: Season 1: The Sword of Simón Bolívar","31/05/23"
"Narcos: Season 1: Descenso","31/05/23"
"Spider-Man: Into the Spider-Verse","31/05/23"
"Brooklyn Nine-Nine: Season 1: The Vulture","25/03/23"
"Brooklyn Nine-Nine: Season 1: M.E. Time","24/03/23"
"Brooklyn Nine-Nine: Season 1: The Slump","24/03/23"
"Brooklyn Nine-Nine: Season 1: The Tagger","24/03/23"
"Brooklyn Nine-Nine: Season 1: Pilot","24/03/23"
"You: Season 4: She's Not There","23/03/23"
"","22/03/23"
"Cunk On Earth: Season 1: Faith/Off","22/03/23"
"Cunk On Earth: Season 1: In The Beginnings","22/03/23"
"You: Season 4: Where Are You Going, Where Have You Been?","22/03/23"
"You: Season 4: Good Man, Cruel World","20/03/23"
"You: Season 4: Best of Friends","20/03/23"
"You: Season 4: The Fox and the Hound","19/03/23"
"You: Season 4: Hampsie","19/03/23"
"You: Season 4: Eat the Rich","18/03/23"
"You: Season 4: Portrait of the Artist","18/03/23"
"You: Season 4: Joe Takes a Holiday","18/03/23"
"You: Season 3: What Is Love?","17/03/23"
"You: Season 3: Swing and a Miss","17/03/23"
"Cyberpunk: Edgerunners: Season 1: Let You Down","17/03/23"
"You: Season 3: We're All Mad Here","16/03/23"
"You: Season 3: W.O.M.B.","16/03/23"
"You: Season 3: Into the Woods","16/03/23"
"You: Season 3: Hands Across Madre Linda","16/03/23"
"You: Season 3: Missing White Woman Syndrome","15/03/23"
"You: Season 3: So I Married an Axe Murderer","15/03/23"
"You: Season 3: And They Lived Happily Ever After","15/03/23"
"New Amsterdam: Season 1: Pilot","15/03/23"
"You: Season 2: Love, Actually","15/03/23"
"You: Season 2: P.I. Joe","15/03/23"
"You: Season 2: Fear and Loathing in Beverly Hills","15/03/23"
"You: Season 2: Ex-istential Crisis","15/03/23"
"You: Season 2: Farewell, My Bunny","14/03/23"
"You: Season 2: Have a Good Wellkend, Joe!","14/03/23"
"You: Season 2: The Good, the Bad, & the Hendy","14/03/23"
"You: Season 2: What Are Friends For?","14/03/23"
"You: Season 2: Just the Tip","13/03/23"
"You: Season 2: A Fresh Start","13/03/23"
"You: Season 1: Bluebeard's Castle","13/03/23"
"You: Season 1: Candace","13/03/23"
"You: Season 1: You Got Me, Babe","12/03/23"
"You: Season 1: Everythingship","12/03/23"
"You: Season 1: Amour Fou","12/03/23"
"Kate","11/03/23"
"Sense8: Season 1: Limbic Resonance","10/03/23"
"Treason: Limited Series: Episode 1","09/03/23"
"Travelers: Season 1: Hall","09/03/23"
"The Bubble","07/03/23"
"Lost in Space: Season 1: Impact","06/03/23"
"Travelers: Season 1: Aleksander","05/03/23"
"Travelers: Season 1: Protocol 6","05/03/23"
"Travelers: Season 1: Pilot","05/03/23"
"Formula 1: Drive to Survive: Season 5: Matter of Principal","05/03/23"
"Ozark: Season 3: BFF","05/03/23"
"Formula 1: Drive to Survive: Season 5: Bounce Back","05/03/23"
"Suits: Season 2: Rewind","04/12/22"
"Suits: Season 2: Sucker Punch","04/12/22"
"Suits: Season 2: Discovery","03/12/22"
"Suits: Season 2: Meet the New Boss","03/12/22"
"Suits: Season 2: The Choice","03/12/22"
"Suits: Season 2: She Knows","03/12/22"
"Suits: Season 1: Dog Fight","03/12/22"
"Suits: Season 1: Rules of the Game","03/12/22"
"Suits: Season 1: The Shelf Life","03/12/22"
"Suits: Season 1: Undefeated","02/12/22"
"Suits: Season 1: Identity Crisis","02/12/22"
"Suits: Season 1: Play the Man","02/12/22"
"Suits: Season 1: Tricks of the Trade","02/12/22"
"Suits: Season 1: Bail Out","02/12/22"
"Suits: Season 1: Dirty Little Secrets","02/12/22"
"Suits: Season 1: Inside Track","02/12/22"
"Suits: Season 1: Errors and Omissions","02/12/22"
"Suits: Season 1: Pilot Part 1 & 2","02/12/22"
"Dark: Season 1: Secrets","01/12/22"
"Living with Yourself: Season 1: Green Tea","30/11/22"
"Living with Yourself: Season 1: Made in a Strip Mall","30/11/22"
"Living with Yourself: Season 1: The Best You Can Be","30/11/22"
"Warrior Nun: Season 2: Galatians 6:4-5","30/11/22"
"Snowden","30/11/22"
"Manifest: Season 1: Pilot","30/11/22"
"Downfall: The Case Against Boeing","30/11/22"
"Enola Holmes 2","30/11/22"
"The Social Network","30/11/22"
"Wednesday: Season 1: Wednesday's Child Is Full of Woe","29/11/22"
"Slumberland","29/11/22"
"Wednesday: Season 1: A Murder of Woes","29/11/22"
"Wednesday: Season 1: If You Don't Woe Me by Now","29/11/22"
"Wednesday: Season 1: Quid Pro Woe","29/11/22"
"Wednesday: Season 1: You Reap What You Woe","28/11/22"
"Wednesday: Season 1: Woe What a Night","28/11/22"
"Wednesday: Season 1: Friend or Woe","28/11/22"
"Wednesday: Season 1: Woe Is the Loneliest Number","28/11/22"
"Interstellar","28/11/22"
"The Swimmers","27/11/22"
"Bleach: Thousand-Year Blood War: Foundation Stones","25/11/22"
"Arcane: Season 1: Welcome to the Playground","25/11/22"
"Patriot Act with Hasan Minhaj: Volume 3: Why Your Internet Sucks","25/11/22"
"Uncharted","25/11/22"
"FIFA Uncovered: Limited Series: Episode 1","23/11/22"
"Ozark: Season 3: In Case of Emergency","22/11/22"
"Ozark: Season 3: Su Casa Es Mi Casa","21/11/22"
"Ozark: Season 3: It Came from Michoacán","20/11/22"
"Ozark: Season 3: Boss Fight","20/11/22"
"Inside Job: Part 1: The Brettfast Club","20/11/22"
"A Farewell to Ozark","19/11/22"
"Ozark: Season 3: Kevin Cronin Was Here","19/11/22"
"Ozark: Season 3: Civil Union","19/11/22"
"Jonas Brothers Family Roast","19/11/22"
"Inside Job: Part 1: Sex Machina","19/11/22"
"Inside Job: Part 1: Blue Bloods","18/11/22"
"Bleach: Thousand-Year Blood War: The Blood Warfare","18/11/22"
"The Office (U.S.): Season 1: Pilot","18/11/22"
"Middleditch & Schwartz: Limited Series: Parking Lot Wedding","18/11/22"
"Rick and Morty: Season 6: JuRicksic Mort","18/11/22"
"Inside Job: Part 1: Clone Gunman","17/11/22"
"Inside Job: Part 1: Unpresidented","17/11/22"
"Ozark: Season 3: Wartime","17/11/22"
"Ozark: Season 2: The Gold Coast","16/11/22"
"Ozark: Season 2: The Badger","15/11/22"
"Ozark: Season 2: The Big Sleep","15/11/22"
"Ozark: Season 2: One Way Out","14/11/22"
"Ozark: Season 2: Outer Darkness","13/11/22"
"Ozark: Season 2: Game Day","13/11/22"
"Ozark: Season 2: Stag","13/11/22"
"Ozark: Season 2: Once a Langmore...","12/11/22"
"Ozark: Season 2: The Precious Blood of Jesus","12/11/22"
"Ozark: Season 2: Reparations","11/11/22"
"Ozark: Season 1: The Toll","10/11/22"
"Ozark: Season 1: Coffee, Black","10/11/22"
"Ozark: Season 1: Kaleidoscope","10/11/22"
"Ozark: Season 1: Nest Box","10/11/22"
"Bill Burr: Live at Red Rocks","09/11/22"
"Aziz Ansari Live at Madison Square Garden","09/11/22"
"Ozark: Season 1: Book of Ruth","09/11/22"
"Killer Sally: Limited Series: Valentine's Day","09/11/22"
"Pete Davidson Presents: The Best Friends","09/11/22"
"Ozark: Season 1: Tonight We Improvise","09/11/22"
"Ozark: Season 1: My Dripping Sleep","09/11/22"
"Ozark: Season 1: Blue Cat","08/11/22"
"Gabriel Iglesias: Stadium Fluffy","07/11/22"
"Pete Davidson: Alive From New York","07/11/22"
"Ricky Gervais: SuperNature","07/11/22"
"Hasan Minhaj: The King's Jester","06/11/22"
"Black Mirror: Season 2: Be Right Back","06/11/22"
"Black Mirror: Season 2: White Christmas","06/11/22"
"All Quiet on the Western Front","06/11/22"
"Black Mirror: Season 1: Fifteen Million Merits","29/05/22"
"Black Mirror: Season 1: The National Anthem","29/05/22"
"Black Mirror: Season 1: The Entire History of You","29/05/22"
"Black Mirror: Season 5: Striking Vipers","29/05/22"
"In Time","15/05/22"
"Army of Thieves","15/05/22"
"Bullsh*t The Gameshow: Season 1: Love the Way You Lie","14/05/22"
"The Adam Project","13/03/22"
"Formula 1: Drive to Survive: Season 4: Tipping Point","11/03/22"
"Formula 1: Drive to Survive: Season 4: Ace in the Hole","11/03/22"
"Formula 1: Drive to Survive: Season 4: Clash of the Titans","11/03/22"
